Track_Name,Album_Name,Duration,Time_Signature,Danceability,Energy,Key,Loudness,Mode,Speechiness,Acousticness,Instrumentalness,Liveness,Valence,Tempo,Popularity
"Side 1, Pt. 1: Things Left Unsaid",The Endless River,266733,4,0.241,0.118,3,-23.409,1,0.0365,0.957,0.891,0.19,0.0325,65.898,36
"Side 1, Pt. 2: It's What We Do",The Endless River,377307,3,0.294,0.334,4,-14.984,0,0.0312,0.516,0.756,0.627,0.0457,144.525,36
"Side 1, Pt. 3: Ebb And Flow",The Endless River,114560,4,0.156,0.0357,0,-26.315,1,0.0363,0.992,0.887,0.256,0.049,72.024,35
"Side 2, Pt. 1: Sum",The Endless River,288360,4,0.511,0.493,4,-16.054,0,0.0518,0.0357,0.857,0.671,0.0952,112.044,34
"Side 2, Pt. 2: Skins",The Endless River,157013,4,0.31,0.68,9,-16.726,1,0.0506,0.0345,0.875,0.525,0.274,124.798,33
"Side 2, Pt. 3: Unsung",The Endless River,67120,3,0.507,0.131,0,-18.799,1,0.0468,0.978,0.908,0.116,0.0511,129.844,33
"Side 2, Pt. 4: Anisina",The Endless River,196800,4,0.381,0.404,0,-11.612,1,0.0278,0.55,0.638,0.127,0.312,143.901,34
"Side 3, Pt. 1: The Lost Art of Conversation",The Endless River,102947,3,0.162,0.0419,1,-23.998,0,0.0347,0.404,0.392,0.185,0.0702,87.436,33
"Side 3, Pt. 2: On Noodle Street",The Endless River,102013,4,0.567,0.122,1,-21.507,0,0.0297,0.875,0.611,0.107,0.4,105.497,33
"Side 3, Pt. 3: Night Light",The Endless River,102200,4,0.225,0.0982,0,-24.995,0,0.0379,0.99,0.699,0.123,0.0599,130.933,32
"Side 3, Pt. 4: Allons-y (1)",The Endless River,117280,4,0.529,0.56,4,-13.781,0,0.0343,0.17,0.761,0.359,0.312,113.142,34
"Side 3, Pt. 5: Autumn '68",The Endless River,95147,4,0.0679,0.198,4,-19.206,0,0.0459,0.44,0.878,0.111,0.0355,71.813,32
"Side 3, Pt. 6: Allons-y (2)",The Endless River,92413,4,0.39,0.538,9,-13.341,1,0.0384,0.136,0.932,0.109,0.0905,113.045,32
"Side 3, Pt. 7: Talkin' Hawkin'",The Endless River,209120,3,0.173,0.389,9,-14.244,1,0.0331,0.293,0.698,0.112,0.0656,83.45,33
"Side 4, Pt. 1: Calling",The Endless River,217933,3,0.17,0.2,0,-21.894,1,0.0358,0.564,0.942,0.132,0.0394,114.21,31
"Side 4, Pt. 2: Eyes To Pearls",The Endless River,111173,4,0.391,0.189,11,-20.601,0,0.0321,0.786,0.876,0.123,0.0727,126.357,31
"Side 4, Pt. 3: Surfacing",The Endless River,166253,4,0.306,0.442,0,-14.63,1,0.0294,0.238,0.547,0.576,0.0751,66.986,32
"Side 4, Pt. 4: Louder Than Words",The Endless River,396853,4,0.509,0.319,9,-13.488,1,0.0297,0.605,0.0000522,0.349,0.0958,112.98,37
TBS9,The Endless River,147947,4,0.223,0.13,0,-20.86,1,0.0346,0.27,0.0289,0.053,0.063,131.061,30
TBS14,The Endless River,251053,4,0.412,0.402,4,-13.82,0,0.0382,0.376,0.718,0.14,0.445,129.07,31
Cluster One,The Division Bell,355634,4,0.236,0.0556,0,-22.116,1,0.0339,0.77,0.923,0.118,0.0329,103.659,48
What Do You Want from Me,The Division Bell,261587,4,0.515,0.565,4,-9.547,1,0.0304,0.113,0.0000135,0.122,0.374,104.372,56
Poles Apart,The Division Bell,423064,4,0.162,0.411,7,-11.333,1,0.0346,0.3,0.0769,0.687,0.246,61.418,53
Marooned,The Division Bell,330385,4,0.396,0.341,7,-14.836,1,0.0303,0.384,0.568,0.12,0.148,74.203,55
A Great Day for Freedom,The Division Bell,256986,3,0.386,0.348,0,-12.239,1,0.0291,0.626,0.00123,0.236,0.265,84.376,48
Wearing the Inside Out,The Division Bell,409255,4,0.602,0.426,10,-15.317,1,0.0404,0.306,0.0473,0.104,0.363,122.4,49
Take It Back,The Division Bell,372226,4,0.469,0.6,7,-11.155,1,0.0288,0.132,0.00606,0.273,0.135,112.426,53
Coming Back to Life,The Division Bell,379241,4,0.287,0.499,0,-11.094,1,0.0437,0.464,0.000652,0.102,0.142,176.437,56
Keep Talking,The Division Bell,370667,4,0.497,0.771,4,-11.938,0,0.0528,0.187,0.00895,0.0788,0.24,100.302,49
Lost for Words,The Division Bell,314961,4,0.599,0.399,0,-14.014,1,0.0248,0.128,0.00337,0.712,0.222,96.329,53
High Hopes,The Division Bell,510965,4,0.519,0.413,0,-12.535,0,0.0251,0.205,0.152,0.351,0.267,75.219,55
Signs of Life,A Momentary Lapse of Reason,261858,4,0.249,0.297,11,-20.57,1,0.0835,0.109,0.222,0.0875,0.0551,117.168,39
Learning to Fly,A Momentary Lapse of Reason,292080,4,0.442,0.56,0,-13.681,1,0.0361,0.252,0.0322,0.151,0.475,166.585,61
The Dogs of War,A Momentary Lapse of Reason,363721,4,0.233,0.494,5,-12.387,1,0.058,0.172,0.0000116,0.866,0.108,86.274,42
One Slip,A Momentary Lapse of Reason,308666,4,0.593,0.706,3,-12.811,1,0.0467,0.413,0.0129,0.0806,0.345,117.318,42
On the Turning Away,A Momentary Lapse of Reason,341667,4,0.448,0.402,7,-12.135,1,0.03,0.365,0.000746,0.076,0.244,100.454,54
Yet Another Movie,A Momentary Lapse of Reason,372908,4,0.337,0.625,7,-11.92,1,0.0482,0.0387,0.0122,0.142,0.19,94.081,39
Round and Around,A Momentary Lapse of Reason,73305,5,0.429,0.215,9,-18.415,1,0.0328,0.666,0.778,0.0605,0.582,160.495,36
"A New Machine, Pt. 1",A Momentary Lapse of Reason,105933,4,0.213,0.033,10,-20.566,1,0.0406,0.809,0.000233,0.107,0.112,94.45,36
Terminal Frost,A Momentary Lapse of Reason,375440,4,0.353,0.413,5,-12.826,1,0.0275,0.00769,0.392,0.13,0.0646,172.771,39
"A New Machine, Pt. 2",A Momentary Lapse of Reason,39009,4,0.289,0.0676,1,-19.996,1,0.0436,0.641,0.0000157,0.101,0.0728,55.4,35
Sorrow,A Momentary Lapse of Reason,524753,4,0.464,0.65,9,-12.541,1,0.0366,0.174,0.377,0.0728,0.15,96.313,44
The Post War Dream,The Final Cut,179360,1,0.342,0.125,5,-15.623,1,0.0486,0.904,0.000376,0.43,0.371,116.039,42
Your Possible Pasts,The Final Cut,266303,3,0.443,0.152,7,-11.854,1,0.037,0.654,0.000117,0.132,0.201,135.808,41
One of the Few,The Final Cut,77030,4,0.364,0.0297,2,-25.35,1,0.0417,0.386,0.8,0.113,0.0388,172.055,46
When the Tigers Broke Free,The Final Cut,192161,4,0.164,0.232,0,-16.512,0,0.0499,0.769,0.00268,0.427,0.0552,77.712,40
The Hero's Return,The Final Cut,162826,4,0.55,0.351,7,-13.766,1,0.0443,0.531,0.00602,0.15,0.237,118.061,38
The Gunner's Dream,The Final Cut,318240,4,0.428,0.284,7,-14.264,1,0.054,0.687,0.00444,0.104,0.169,132.667,43
Paranoid Eyes,The Final Cut,221601,4,0.367,0.0798,7,-22.331,1,0.0359,0.767,0.0111,0.082,0.11,73.79,38
Get Your Filthy Hands Off My Desert,The Final Cut,76906,3,0.364,0.152,7,-20.789,1,0.0884,0.812,0.00141,0.0909,0.48,83.33,37
The Fletcher Memorial Home,The Final Cut,249442,3,0.429,0.3,7,-10.69,1,0.0336,0.64,0.000474,0.231,0.0524,123.362,41
Southampton Dock,The Final Cut,133466,4,0.568,0.0904,5,-23.281,1,0.0539,0.643,0.0356,0.187,0.176,110.108,38
The Final Cut,The Final Cut,282602,4,0.462,0.364,5,-9.831,1,0.0335,0.787,0.000682,0.118,0.0781,58.588,51
Not Now John,The Final Cut,301210,4,0.513,0.833,4,-7.883,0,0.0489,0.185,0.00000107,0.844,0.318,91.38,42
Two Suns in the Sunset,The Final Cut,315445,3,0.714,0.224,2,-15.596,1,0.0319,0.189,0.201,0.243,0.339,135.269,43
In the Flesh?,The Wall,198222,3,0.316,0.49,9,-14.578,1,0.0391,0.416,0.367,0.0537,0.267,152.1,55
The Thin Ice,The Wall,146321,5,0.406,0.128,9,-16.983,0,0.0349,0.359,0.0019,0.656,0.191,110.272,54
"Another Brick in the Wall, Pt. 1",The Wall,192146,4,0.613,0.0457,0,-26.398,1,0.0337,0.937,0.642,0.0991,0.093,99.524,62
The Happiest Days of Our Lives,The Wall,110826,4,0.74,0.231,9,-18.91,0,0.0415,0.551,0.747,0.249,0.546,103.994,59
"Another Brick in the Wall, Pt. 2",The Wall,238747,4,0.693,0.394,0,-15.882,1,0.0428,0.0782,0.000694,0.247,0.721,104.114,75
Mother,The Wall,334893,4,0.578,0.15,7,-17.335,1,0.0334,0.243,0.00707,0.0825,0.12,135.22,59
Goodbye Blue Sky,The Wall,167240,4,0.638,0.0811,7,-22.646,1,0.0335,0.879,0.00313,0.314,0.0503,109.154,60
Empty Spaces,The Wall,127830,4,0.501,0.338,11,-19.12,1,0.0395,0.187,0.868,0.514,0.106,95.942,52
Young Lust,The Wall,209957,4,0.615,0.55,11,-13.858,0,0.0349,0.0546,0.19,0.747,0.549,95.488,63
One of My Turns,The Wall,216800,4,0.315,0.218,0,-15.215,1,0.0728,0.305,0.0012,0.226,0.156,175.868,52
Don't Leave Me Now,The Wall,255934,3,0.324,0.11,9,-19.78,0,0.0351,0.0847,0.777,0.621,0.0393,123.534,51
"Another Brick in the Wall, Pt. 3",The Wall,74411,4,0.653,0.472,2,-14.797,1,0.0353,0.0554,0.0000769,0.397,0.448,102.558,53
Goodbye Cruel World,The Wall,73430,4,0.472,0.0118,2,-31.734,1,0.0397,0.783,0.799,0.247,0.0698,102.949,50
Hey You,The Wall,278441,4,0.587,0.302,0,-14.976,1,0.0293,0.223,0.00216,0.128,0.19,112.46,65
Is There Anybody Out There?,The Wall,161595,4,0.307,0.0742,9,-27.159,0,0.0359,0.72,0.315,0.11,0.0394,118.682,54
Nobody Home,The Wall,203361,4,0.251,0.148,0,-21.056,1,0.0432,0.713,0.432,0.106,0.0569,206.542,51
Vera,The Wall,93356,4,0.179,0.162,4,-22.191,0,0.162,0.678,0.022,0.119,0.0869,34.821,50
Bring the Boys Back Home,The Wall,87207,4,0.33,0.283,0,-15.971,1,0.061,0.575,0.0947,0.235,0.287,157.963,48
Comfortably Numb,The Wall,382297,4,0.472,0.366,11,-12.595,0,0.0286,0.15,0.312,0.0837,0.171,127.163,72
The Show Must Go On,The Wall,96560,4,0.571,0.198,7,-16.919,1,0.0294,0.435,0.125,0.262,0.326,129.024,52
Pigs on the Wing 1,Animals,84280,3,0.664,0.171,7,-20.731,1,0.0452,0.3,0.001,0.264,0.378,128.631,57
Dogs,Animals,1025280,4,0.321,0.479,2,-11.395,0,0.05,0.076,0.00475,0.151,0.14,109.289,58
Pigs (Three Different Ones),Animals,685880,4,0.419,0.575,4,-12.22,0,0.0897,0.103,0.459,0.895,0.354,129.267,56
Sheep,Animals,619079,4,0.28,0.716,9,-12.095,0,0.0983,0.0652,0.52,0.512,0.0618,135.378,54
Pigs on the Wing 2,Animals,86697,3,0.596,0.17,7,-19.58,1,0.043,0.256,0.0000439,0.0772,0.486,128.585,48
Shine On You Crazy Diamond (Pts. 1-5),Wish You Were Here,811077,3,0.264,0.294,7,-11.941,0,0.028,0.772,0.686,0.107,0.0402,137.937,64
Welcome to the Machine,Wish You Were Here,451681,4,0.381,0.358,0,-12.423,1,0.0365,0.524,0.169,0.0747,0.036,133.271,60
Have a Cigar,Wish You Were Here,307733,4,0.454,0.65,4,-10.191,0,0.0437,0.407,0.0488,0.589,0.72,120.155,64
Wish You Were Here,Wish You Were Here,334744,4,0.481,0.262,7,-15.73,1,0.0414,0.735,0.0114,0.832,0.375,122.861,74
Shine On You Crazy Diamond (Pts. 6-9),Wish You Were Here,747325,3,0.288,0.485,7,-13.162,0,0.0491,0.576,0.9,0.322,0.124,135.87,56
Speak to Me,The Dark Side of the Moon,65314,4,0.592,0.0195,1,-33.35,1,0.0369,0.361,0.839,0.108,0.0313,119.504,58
Breathe (In the Air),The Dark Side of the Moon,169535,4,0.431,0.373,11,-15.142,0,0.0346,0.389,0.728,0.143,0.253,128.153,71
On the Run,The Dark Side of the Moon,225385,4,0.389,0.563,9,-21.191,1,0.0622,0.65,0.903,0.104,0.134,165.393,59
Time,The Dark Side of the Moon,413947,4,0.359,0.48,9,-11.79,1,0.0841,0.521,0.0043,0.178,0.355,120.285,69
The Great Gig in the Sky,The Dark Side of the Moon,283872,4,0.274,0.217,5,-13.814,1,0.0345,0.767,0.896,0.0832,0.181,116.334,69
Money,The Dark Side of the Moon,382834,1,0.468,0.536,11,-10.422,0,0.144,0.024,0.00199,0.269,0.785,126.256,70
Us and Them,The Dark Side of the Moon,469224,4,0.357,0.302,2,-14.526,1,0.0303,0.862,0.559,0.634,0.135,72.518,64
Any Colour You Like,The Dark Side of the Moon,206429,4,0.277,0.672,0,-12.582,1,0.0901,0.197,0.936,0.423,0.505,150.587,59
Brain Damage,The Dark Side of the Moon,226667,4,0.324,0.265,2,-13.398,1,0.0302,0.0732,0.341,0.366,0.208,133.568,64
Eclipse,The Dark Side of the Moon,130429,4,0.359,0.577,10,-10.804,1,0.0397,0.0589,0.751,0.0686,0.141,68.064,60
Obscured by Clouds,Obscured by Clouds,184040,4,0.303,0.341,2,-14.551,1,0.0271,0.0129,0.682,0.106,0.038,164.369,40
When You're In,Obscured by Clouds,151213,4,0.537,0.632,2,-12.507,1,0.0649,0.0261,0.893,0.135,0.189,164.095,37
Burning Bridges,Obscured by Clouds,210333,4,0.429,0.224,8,-14.926,1,0.029,0.226,0.000359,0.116,0.139,118.458,39
The Gold It's in the...,Obscured by Clouds,187827,4,0.506,0.506,11,-11.746,0,0.0414,0.0000377,0.000695,0.105,0.388,117.47,38
Wot's...Uh the Deal,Obscured by Clouds,309107,4,0.479,0.324,7,-16.001,1,0.0255,0.204,0,0.0675,0.57,86.75,46
Mudmen,Obscured by Clouds,257907,4,0.396,0.25,8,-12.947,1,0.0285,0.502,0.554,0.124,0.115,108.347,37
Childhood's End,Obscured by Clouds,273387,4,0.673,0.386,9,-13.486,1,0.0411,0.242,0.000165,0.0872,0.194,125.08,42
Free Four,Obscured by Clouds,256787,4,0.695,0.388,7,-12.85,1,0.0326,0.0105,0.00213,0.0583,0.639,124.412,39
Stay,Obscured by Clouds,247747,4,0.439,0.265,7,-12.889,1,0.0308,0.823,0.000833,0.103,0.247,114.651,38
Absolutely Curtains,Obscured by Clouds,350467,5,0.126,0.23,7,-19.231,0,0.0382,0.095,0.612,0.0939,0.0371,85.271,32
One of These Days,Meddle,354613,4,0.381,0.508,4,-15.094,1,0.0465,0.00613,0.846,0.535,0.403,103.804,52
A Pillow of Winds,Meddle,312893,4,0.361,0.211,9,-16.114,1,0.0313,0.452,0.00174,0.0857,0.222,142.625,50
Fearless,Meddle,367933,4,0.381,0.341,7,-15.719,1,0.0414,0.161,0.0403,0.448,0.178,143.756,56
San Tropez,Meddle,223067,4,0.691,0.324,0,-15.366,1,0.0446,0.171,0.0223,0.0674,0.543,121.664,52
Seamus,Meddle,134840,4,0.536,0.087,2,-22.912,1,0.0384,0.807,0.116,0.102,0.358,71.764,41
Echoes,Meddle,1412451,4,0.285,0.322,6,-16.58,0,0.0445,0.367,0.649,0.107,0.138,133.577,53
Atom Heart Mother,Atom Heart Mother,1421455,4,0.267,0.217,9,-16.002,0,0.0332,0.785,0.882,0.0807,0.0886,137.526,42
If,Atom Heart Mother,270773,4,0.508,0.103,6,-21.981,0,0.0293,0.918,0.618,0.108,0.196,102.977,43
Summer '68,Atom Heart Mother,328960,4,0.23,0.429,2,-10.624,1,0.0278,0.417,0.49,0.0911,0.324,165.179,42
Fat Old Sun,Atom Heart Mother,323733,4,0.365,0.204,0,-15.778,1,0.0314,0.352,0.424,0.823,0.201,72.689,41
Alan's Psychedelic Breakfast,Atom Heart Mother,778988,4,0.374,0.272,6,-19.413,0,0.0586,0.439,0.336,0.0495,0.178,143.139,37
Astronomy Domine - Live,Ummagumma,511624,4,0.334,0.581,9,-12.448,1,0.0657,0.108,0.248,0.876,0.0605,130.023,31
"Careful with That Axe, Eugene - Live",Ummagumma,529348,4,0.2,0.404,9,-13.68,0,0.0283,0.0965,0.729,0.681,0.124,81.9,33
Set the Controls for the Heart of the Sun - Live,Ummagumma,567149,4,0.215,0.467,9,-15.012,1,0.0643,0.838,0.919,0.095,0.241,78.992,30
A Saucerful of Secrets - Live,Ummagumma,768594,4,0.252,0.809,11,-10.278,0,0.207,0.575,0.838,0.698,0.22,128.777,28
"Sysyphus, Pt. 1",Ummagumma,67682,5,0.179,0.281,10,-9.137,1,0.0386,0.0144,0.928,0.337,0.292,83.931,27
"Sysyphus, Pt. 2",Ummagumma,210027,3,0.174,0.633,9,-14.165,0,0.0414,0.971,0.917,0.155,0.156,82.729,26
"Sysyphus, Pt. 3",Ummagumma,109693,4,0.294,0.84,2,-11.633,0,0.045,0.56,0.695,0.264,0.13,81.931,24
"Sysyphus, Pt. 4",Ummagumma,419907,4,0.0842,0.325,11,-13.906,1,0.0666,0.72,0.588,0.136,0.0583,84.297,25
Grantchester Meadows,Ummagumma,447547,4,0.452,0.137,4,-25.597,1,0.37,0.445,0.113,0.448,0.448,118.295,33
Several Species of Small Furry Animals Gathered Together in a Cave and Grooving with a Pict,Ummagumma,298640,4,0.433,0.662,7,-18.181,1,0.892,0.705,0.00921,0.425,0.198,82.386,30
"The Narrow Way, Pt. 1",Ummagumma,208588,4,0.386,0.335,7,-12.996,1,0.0344,0.648,0.796,0.813,0.125,168.898,28
"The Narrow Way, Pt. 2",Ummagumma,173252,3,0.216,0.899,6,-10.005,1,0.152,0.933,0.789,0.688,0.219,100.643,26
"The Narrow Way, Pt. 3",Ummagumma,357707,4,0.328,0.447,9,-10.648,1,0.0305,0.0254,0.0277,0.103,0.0425,129.747,28
"The Grand Vizier's Garden Party, Pt. 1 (Entrance)",Ummagumma,59573,5,0.234,0.227,7,-16.286,1,0.0515,0.989,0.802,0.12,0.362,81.726,24
"The Grand Vizier's Garden Party, Pt. 2 (Entertainment)",Ummagumma,425947,4,0.363,0.235,2,-18.394,1,0.184,0.631,0.49,0.161,0.154,75.178,23
"The Grand Vizier's Garden Party, Pt. 3 (Exit)",Ummagumma,39780,3,0.202,0.139,7,-22.088,1,0.0556,0.995,0.313,0.168,0.14,89.045,25
Cirrus Minor,More,317320,4,0.217,0.292,2,-17.053,1,0.182,0.833,0.815,0.0737,0.18,74.233,34
The Nile Song,More,206960,4,0.135,0.835,3,-9.112,0,0.0497,0.00456,0.00553,0.0364,0.27,182.938,35
Crying Song,More,213307,4,0.438,0.0311,2,-24.168,1,0.037,0.948,0.00768,0.0729,0.157,123.966,34
Up the Khyber,More,132787,4,0.363,0.685,11,-15.365,0,0.0518,0.0186,0.939,0.0895,0.273,139.244,27
Green Is the Colour,More,178907,4,0.503,0.148,7,-18.267,1,0.0349,0.807,0.706,0.119,0.521,74.868,42
Cymbaline,More,289880,4,0.367,0.183,9,-18.456,0,0.033,0.741,0.00498,0.07,0.177,76.782,36
Party Sequence,More,68960,4,0.628,0.41,0,-21.665,1,0.0712,0.974,0.925,0.12,0.516,131.135,26
Main Theme,More,326440,4,0.444,0.456,0,-13.733,0,0.0438,0.865,0.908,0.155,0.135,135.608,29
Ibiza Bar,More,199293,4,0.11,0.766,9,-9.412,1,0.0609,0.000657,0.81,0.0615,0.306,180.433,31
More Blues,More,132547,3,0.473,0.163,2,-20.859,0,0.0386,0.26,0.707,0.11,0.138,145.852,35
Quicksilver,More,433640,4,0.13,0.144,7,-25.897,1,0.0448,0.96,0.294,0.36,0.0291,146.13,25
A Spanish Piece,More,65280,4,0.697,0.194,5,-20.992,1,0.0812,0.723,0.409,0.0756,0.205,113.835,27
Dramatic Theme,More,135850,4,0.507,0.327,5,-14.104,1,0.0315,0.207,0.46,0.0792,0.221,113.204,27
Let There Be More Light,A Saucerful of Secrets,336728,4,0.158,0.615,0,-8.897,1,0.0367,0.689,0.861,0.153,0.303,77.238,39
Remember a Day,A Saucerful of Secrets,272853,4,0.334,0.651,11,-11.734,0,0.0401,0.233,0.631,0.0898,0.34,121.954,36
Set the Controls for the Heart of the Sun,A Saucerful of Secrets,327987,4,0.297,0.327,9,-14.417,1,0.0482,0.673,0.905,0.0786,0.334,130.852,37
Corporal Clegg,A Saucerful of Secrets,252507,4,0.202,0.746,2,-7.967,1,0.0659,0.318,0.00281,0.138,0.53,175.804,34
A Saucerful of Secrets,A Saucerful of Secrets,716693,4,0.217,0.779,11,-12.711,1,0.177,0.227,0.9,0.106,0.0352,117.938,34
See-Saw,A Saucerful of Secrets,276853,3,0.305,0.375,2,-10.787,1,0.028,0.452,0.0276,0.207,0.184,83.218,32
Jugband Blues,A Saucerful of Secrets,180525,4,0.323,0.421,4,-9.049,0,0.0402,0.292,0.00204,0.24,0.148,116.465,36
Astronomy Domine,The Piper at the Gates of Dawn,251279,4,0.348,0.633,2,-11.527,1,0.048,0.376,0.473,0.346,0.0805,124.096,42
Lucifer Sam,The Piper at the Gates of Dawn,187400,4,0.349,0.743,7,-11.551,1,0.0384,0.504,0.000157,0.255,0.549,140.774,41
Matilda Mother,The Piper at the Gates of Dawn,188493,4,0.251,0.408,4,-10.62,1,0.0349,0.541,0.000377,0.162,0.292,119.582,38
Flaming,The Piper at the Gates of Dawn,166040,3,0.403,0.533,9,-10.347,1,0.0339,0.318,0.0000436,0.123,0.334,130.544,36
Pow R. Toc H.,The Piper at the Gates of Dawn,266307,4,0.402,0.404,2,-14.283,0,0.0418,0.634,0.87,0.375,0.557,121.465,34
Take Up Thy Stethoscope and Walk,The Piper at the Gates of Dawn,186053,4,0.331,0.775,9,-10.71,1,0.117,0.0442,0.0607,0.0699,0.661,151.201,34
Interstellar Overdrive,The Piper at the Gates of Dawn,580716,4,0.23,0.704,9,-10.975,1,0.0566,0.767,0.869,0.112,0.308,94.227,40
The Gnome,The Piper at the Gates of Dawn,133911,4,0.533,0.353,2,-12.261,1,0.03,0.655,0,0.0975,0.372,115.978,35
Chapter 24,The Piper at the Gates of Dawn,222427,4,0.231,0.376,2,-10.898,1,0.0335,0.704,0.000572,0.0606,0.344,128.746,32
The Scarecrow,The Piper at the Gates of Dawn,131267,3,0.558,0.339,2,-13.581,1,0.0623,0.385,0.784,0.0261,0.921,155.156,33
Bike,The Piper at the Gates of Dawn,201024,4,0.418,0.785,7,-10.587,1,0.185,0.834,0.0000108,0.764,0.233,114.518,36